{
  "total": {
    "error": 0.10321044921875,
    "fa": 0.0,
    "md": 1.0,
    "count": 16384.0
  },
  "targeted": {
    "error": 0.4000000059604645,
    "fa": 0.0,
    "md": 1.0,
    "count": 2560.0
  },
  "regional": {
    "error": 0.4342447817325592,
    "fa": 0.0,
    "md": 1.0,
    "count": 1536.0
  }
}